{
  "50926a9002a78ece1bdeca8f065b94aa" : {
    "statistic" : {
      "failed" : 0,
      "broken" : 0,
      "skipped" : 0,
      "passed" : 1,
      "unknown" : 0,
      "total" : 1
    },
    "items" : [ {
      "uid" : "faa52c7393109ba0",
      "status" : "passed",
      "time" : {
        "start" : 1521420540810,
        "stop" : 1521420568710,
        "duration" : 27900
      }
    } ]
  },
  "75a8b200ccc6b7516198d3f6d9f26ce3" : {
    "statistic" : {
      "failed" : 0,
      "broken" : 0,
      "skipped" : 0,
      "passed" : 1,
      "unknown" : 0,
      "total" : 1
    },
    "items" : [ {
      "uid" : "3b3f9f6c7893ed7a",
      "status" : "passed",
      "time" : {
        "start" : 1521420642843,
        "stop" : 1521420653107,
        "duration" : 10264
      }
    } ]
  },
  "d132713ef923a548a4417af758f4ca4b" : {
    "statistic" : {
      "failed" : 0,
      "broken" : 0,
      "skipped" : 0,
      "passed" : 1,
      "unknown" : 0,
      "total" : 1
    },
    "items" : [ {
      "uid" : "f4f9ad552a5f075b",
      "status" : "passed",
      "time" : {
        "start" : 1521420520105,
        "stop" : 1521420536552,
        "duration" : 16447
      }
    } ]
  },
  "35148a0e810dd82444ec69728bd72c98" : {
    "statistic" : {
      "failed" : 1,
      "broken" : 0,
      "skipped" : 0,
      "passed" : 0,
      "unknown" : 0,
      "total" : 1
    },
    "items" : [ {
      "uid" : "1b67e7b974ce40d0",
      "status" : "failed",
      "statusDetails" : "\nExpected: <false>\n     but: was <true>",
      "time" : {
        "start" : 1521420536557,
        "stop" : 1521420553185,
        "duration" : 16628
      }
    } ]
  },
  "5df4fb2cc29da867deec7c2d39db2860" : {
    "statistic" : {
      "failed" : 0,
      "broken" : 0,
      "skipped" : 0,
      "passed" : 1,
      "unknown" : 0,
      "total" : 1
    },
    "items" : [ {
      "uid" : "203dc9b04cfaf711",
      "status" : "passed",
      "time" : {
        "start" : 1521420553190,
        "stop" : 1521420566017,
        "duration" : 12827
      }
    } ]
  },
  "783c5b72f8a8f66a4d39ad849b0c551a" : {
    "statistic" : {
      "failed" : 0,
      "broken" : 0,
      "skipped" : 0,
      "passed" : 1,
      "unknown" : 0,
      "total" : 1
    },
    "items" : [ {
      "uid" : "afa98249c18b9ec",
      "status" : "passed",
      "time" : {
        "start" : 1521420632200,
        "stop" : 1521420642840,
        "duration" : 10640
      }
    } ]
  },
  "86a5e22be34e00957e56c7b8dcd31ad5" : {
    "statistic" : {
      "failed" : 0,
      "broken" : 0,
      "skipped" : 0,
      "passed" : 1,
      "unknown" : 0,
      "total" : 1
    },
    "items" : [ {
      "uid" : "ae4859a829397cd7",
      "status" : "passed",
      "time" : {
        "start" : 1521420579222,
        "stop" : 1521420592636,
        "duration" : 13414
      }
    } ]
  },
  "bd8366c64e3b1d6f43d87b4d9c600725" : {
    "statistic" : {
      "failed" : 0,
      "broken" : 0,
      "skipped" : 0,
      "passed" : 1,
      "unknown" : 0,
      "total" : 1
    },
    "items" : [ {
      "uid" : "747bd517d471cb56",
      "status" : "passed",
      "time" : {
        "start" : 1521420474597,
        "stop" : 1521420491833,
        "duration" : 17236
      }
    } ]
  },
  "52199b2bbb9a86e5342cfc6f8612f27b" : {
    "statistic" : {
      "failed" : 0,
      "broken" : 0,
      "skipped" : 0,
      "passed" : 1,
      "unknown" : 0,
      "total" : 1
    },
    "items" : [ {
      "uid" : "e05b858701db337a",
      "status" : "passed",
      "time" : {
        "start" : 1521420603265,
        "stop" : 1521420623510,
        "duration" : 20245
      }
    } ]
  },
  "51acb03e4a47d594687714f1a4ca4ded" : {
    "statistic" : {
      "failed" : 0,
      "broken" : 0,
      "skipped" : 0,
      "passed" : 1,
      "unknown" : 0,
      "total" : 1
    },
    "items" : [ {
      "uid" : "dcfc237224c802f8",
      "status" : "passed",
      "time" : {
        "start" : 1521420616251,
        "stop" : 1521420632196,
        "duration" : 15945
      }
    } ]
  },
  "3767311e8676a9471989a12c540df0b0" : {
    "statistic" : {
      "failed" : 0,
      "broken" : 0,
      "skipped" : 0,
      "passed" : 1,
      "unknown" : 0,
      "total" : 1
    },
    "items" : [ {
      "uid" : "2ef1081434b8959a",
      "status" : "passed",
      "time" : {
        "start" : 1521420492043,
        "stop" : 1521420506258,
        "duration" : 14215
      }
    } ]
  },
  "51a1954e0da7ff18315c028fae1a54e5" : {
    "statistic" : {
      "failed" : 0,
      "broken" : 0,
      "skipped" : 0,
      "passed" : 1,
      "unknown" : 0,
      "total" : 1
    },
    "items" : [ {
      "uid" : "49c0c472c04a5958",
      "status" : "passed",
      "time" : {
        "start" : 1521420516369,
        "stop" : 1521420527000,
        "duration" : 10631
      }
    } ]
  },
  "36a1acfd0b1af6ca0b1b919c1d7271b5" : {
    "statistic" : {
      "failed" : 0,
      "broken" : 0,
      "skipped" : 0,
      "passed" : 1,
      "unknown" : 0,
      "total" : 1
    },
    "items" : [ {
      "uid" : "e65be2c88f4961e8",
      "status" : "passed",
      "time" : {
        "start" : 1521420502176,
        "stop" : 1521420516365,
        "duration" : 14189
      }
    } ]
  },
  "53fe5c4ff07128d6595124f57fb8f7da" : {
    "statistic" : {
      "failed" : 0,
      "broken" : 0,
      "skipped" : 0,
      "passed" : 1,
      "unknown" : 0,
      "total" : 1
    },
    "items" : [ {
      "uid" : "3dfa7b2a23cd11e4",
      "status" : "passed",
      "time" : {
        "start" : 1521420502438,
        "stop" : 1521420520071,
        "duration" : 17633
      }
    } ]
  },
  "c923ec53c38e63df76bb49f06090e6fc" : {
    "statistic" : {
      "failed" : 0,
      "broken" : 0,
      "skipped" : 0,
      "passed" : 1,
      "unknown" : 0,
      "total" : 1
    },
    "items" : [ {
      "uid" : "62d0825947965a39",
      "status" : "passed",
      "time" : {
        "start" : 1521420581178,
        "stop" : 1521420603261,
        "duration" : 22083
      }
    } ]
  },
  "c2d15fd68b476119cf0c3bcf9b481e2f" : {
    "statistic" : {
      "failed" : 0,
      "broken" : 0,
      "skipped" : 0,
      "passed" : 1,
      "unknown" : 0,
      "total" : 1
    },
    "items" : [ {
      "uid" : "be3e73fc5720687",
      "status" : "passed",
      "time" : {
        "start" : 1521420527003,
        "stop" : 1521420540807,
        "duration" : 13804
      }
    } ]
  },
  "1b0a25db7297141c63aa3c1bdf9c0018" : {
    "statistic" : {
      "failed" : 0,
      "broken" : 0,
      "skipped" : 0,
      "passed" : 1,
      "unknown" : 0,
      "total" : 1
    },
    "items" : [ {
      "uid" : "c358b40f74782e5c",
      "status" : "passed",
      "time" : {
        "start" : 1521420623514,
        "stop" : 1521420642288,
        "duration" : 18774
      }
    } ]
  },
  "c512cda8ac34a0cfd00342cf1166f86a" : {
    "statistic" : {
      "failed" : 0,
      "broken" : 0,
      "skipped" : 0,
      "passed" : 1,
      "unknown" : 0,
      "total" : 1
    },
    "items" : [ {
      "uid" : "d1a7dc2423ccf2f0",
      "status" : "passed",
      "time" : {
        "start" : 1521420602806,
        "stop" : 1521420616245,
        "duration" : 13439
      }
    } ]
  },
  "bd7da79d771d39c6438986acae6ccccd" : {
    "statistic" : {
      "failed" : 0,
      "broken" : 0,
      "skipped" : 0,
      "passed" : 1,
      "unknown" : 0,
      "total" : 1
    },
    "items" : [ {
      "uid" : "fcf3740815d982e6",
      "status" : "passed",
      "time" : {
        "start" : 1521420653109,
        "stop" : 1521420664316,
        "duration" : 11207
      }
    } ]
  },
  "245e3a7a59bd1d06befdd7ded3fe98ab" : {
    "statistic" : {
      "failed" : 0,
      "broken" : 0,
      "skipped" : 0,
      "passed" : 1,
      "unknown" : 0,
      "total" : 1
    },
    "items" : [ {
      "uid" : "1f95dfe64532d3f4",
      "status" : "passed",
      "time" : {
        "start" : 1521420568713,
        "stop" : 1521420579219,
        "duration" : 10506
      }
    } ]
  },
  "8d8ff7cf025142c0cc546ed55b27dc" : {
    "statistic" : {
      "failed" : 0,
      "broken" : 0,
      "skipped" : 0,
      "passed" : 1,
      "unknown" : 0,
      "total" : 1
    },
    "items" : [ {
      "uid" : "6e4292564cecd920",
      "status" : "passed",
      "time" : {
        "start" : 1521420566020,
        "stop" : 1521420581174,
        "duration" : 15154
      }
    } ]
  },
  "243f11ae2c650240fe79f2363737d449" : {
    "statistic" : {
      "failed" : 0,
      "broken" : 0,
      "skipped" : 0,
      "passed" : 1,
      "unknown" : 0,
      "total" : 1
    },
    "items" : [ {
      "uid" : "b96ccb7e276e282f",
      "status" : "passed",
      "time" : {
        "start" : 1521420506261,
        "stop" : 1521420519055,
        "duration" : 12794
      }
    } ]
  },
  "4abf45f97590282f7900b7cbf96f1a6" : {
    "statistic" : {
      "failed" : 0,
      "broken" : 0,
      "skipped" : 0,
      "passed" : 1,
      "unknown" : 0,
      "total" : 1
    },
    "items" : [ {
      "uid" : "f9702d62267e6b0c",
      "status" : "passed",
      "time" : {
        "start" : 1521420592640,
        "stop" : 1521420602802,
        "duration" : 10162
      }
    } ]
  }
}