{
  "statistic" : {
    "failed" : 1,
    "broken" : 0,
    "skipped" : 0,
    "passed" : 0,
    "unknown" : 0,
    "total" : 1
  },
  "time" : {
    "minDuration" : 16628,
    "maxDuration" : 16628,
    "sumDuration" : 16628,
    "start" : 1521420536557,
    "stop" : 1521420553185,
    "duration" : 16628
  },
  "children" : [ {
    "uid" : "d8c48bdfef2c016",
    "name" : "Product defects",
    "time" : {
      "minDuration" : 16628,
      "maxDuration" : 16628,
      "sumDuration" : 16628,
      "start" : 1521420536557,
      "stop" : 1521420553185,
      "duration" : 16628
    },
    "statistic" : {
      "failed" : 1,
      "broken" : 0,
      "skipped" : 0,
      "passed" : 0,
      "unknown" : 0,
      "total" : 1
    },
    "type" : "TestGroupNode",
    "children" : [ {
      "uid" : "dcb3df194349e0d4",
      "name" : "\nExpected: <false>\n     but: was <true>",
      "time" : {
        "minDuration" : 16628,
        "maxDuration" : 16628,
        "sumDuration" : 16628,
        "start" : 1521420536557,
        "stop" : 1521420553185,
        "duration" : 16628
      },
      "statistic" : {
        "failed" : 1,
        "broken" : 0,
        "skipped" : 0,
        "passed" : 0,
        "unknown" : 0,
        "total" : 1
      },
      "type" : "TestGroupNode",
      "children" : [ {
        "uid" : "1b67e7b974ce40d0",
        "name" : "sortingTest [sort by: Finished reading, order: Best]",
        "time" : {
          "start" : 1521420536557,
          "stop" : 1521420553185,
          "duration" : 16628
        },
        "status" : "failed",
        "flaky" : false,
        "type" : "TestCaseNode"
      } ]
    } ]
  } ]
}