{
  "statistic" : {
    "failed" : 1,
    "broken" : 0,
    "skipped" : 0,
    "passed" : 22,
    "unknown" : 0,
    "total" : 23
  },
  "time" : {
    "minDuration" : 10162,
    "maxDuration" : 27900,
    "sumDuration" : 346137,
    "start" : 1521420474597,
    "stop" : 1521420664316,
    "duration" : 189719
  },
  "children" : [ {
    "uid" : "2a152ce5196ed884",
    "name" : "ui.tests",
    "time" : {
      "minDuration" : 10162,
      "maxDuration" : 27900,
      "sumDuration" : 346137,
      "start" : 1521420474597,
      "stop" : 1521420664316,
      "duration" : 189719
    },
    "statistic" : {
      "failed" : 1,
      "broken" : 0,
      "skipped" : 0,
      "passed" : 22,
      "unknown" : 0,
      "total" : 23
    },
    "type" : "TestGroupNode",
    "children" : [ {
      "uid" : "faa52c7393109ba0",
      "name" : "authorTest",
      "time" : {
        "start" : 1521420540810,
        "stop" : 1521420568710,
        "duration" : 27900
      },
      "status" : "passed",
      "flaky" : false,
      "type" : "TestCaseNode"
    }, {
      "uid" : "f4f9ad552a5f075b",
      "name" : "sortingTest [sort by: Average time, order: Best]",
      "time" : {
        "start" : 1521420520105,
        "stop" : 1521420536552,
        "duration" : 16447
      },
      "status" : "passed",
      "flaky" : false,
      "type" : "TestCaseNode"
    }, {
      "uid" : "49c0c472c04a5958",
      "name" : "menuTabsTest [home]",
      "time" : {
        "start" : 1521420516369,
        "stop" : 1521420527000,
        "duration" : 10631
      },
      "status" : "passed",
      "flaky" : false,
      "type" : "TestCaseNode"
    }, {
      "uid" : "be3e73fc5720687",
      "name" : "menuTabsTest [authors]",
      "time" : {
        "start" : 1521420527003,
        "stop" : 1521420540807,
        "duration" : 13804
      },
      "status" : "passed",
      "flaky" : false,
      "type" : "TestCaseNode"
    }, {
      "uid" : "fcf3740815d982e6",
      "name" : "dashBoardTest",
      "time" : {
        "start" : 1521420653109,
        "stop" : 1521420664316,
        "duration" : 11207
      },
      "status" : "passed",
      "flaky" : false,
      "type" : "TestCaseNode"
    }, {
      "uid" : "dcfc237224c802f8",
      "name" : "datesFilterOnHomePageTest [filter: yesterday]",
      "time" : {
        "start" : 1521420616251,
        "stop" : 1521420632196,
        "duration" : 15945
      },
      "status" : "passed",
      "flaky" : false,
      "type" : "TestCaseNode"
    }, {
      "uid" : "6e4292564cecd920",
      "name" : "sortingTest [sort by: Pageviews, order: Worst]",
      "time" : {
        "start" : 1521420566020,
        "stop" : 1521420581174,
        "duration" : 15154
      },
      "status" : "passed",
      "flaky" : false,
      "type" : "TestCaseNode"
    }, {
      "uid" : "d1a7dc2423ccf2f0",
      "name" : "datesFilterOnHomePageTest [filter: today]",
      "time" : {
        "start" : 1521420602806,
        "stop" : 1521420616245,
        "duration" : 13439
      },
      "status" : "passed",
      "flaky" : false,
      "type" : "TestCaseNode"
    }, {
      "uid" : "e05b858701db337a",
      "name" : "sortingTest [sort by: Finished reading, order: Worst]",
      "time" : {
        "start" : 1521420603265,
        "stop" : 1521420623510,
        "duration" : 20245
      },
      "status" : "passed",
      "flaky" : false,
      "type" : "TestCaseNode"
    }, {
      "uid" : "f9702d62267e6b0c",
      "name" : "datesFilterOnHomePageTest [filter: hour]",
      "time" : {
        "start" : 1521420592640,
        "stop" : 1521420602802,
        "duration" : 10162
      },
      "status" : "passed",
      "flaky" : false,
      "type" : "TestCaseNode"
    }, {
      "uid" : "747bd517d471cb56",
      "name" : "secondTest [Post: 1]",
      "time" : {
        "start" : 1521420474597,
        "stop" : 1521420491833,
        "duration" : 17236
      },
      "status" : "passed",
      "flaky" : false,
      "type" : "TestCaseNode"
    }, {
      "uid" : "ae4859a829397cd7",
      "name" : "datesFilterOnHomePageTest [filter: now]",
      "time" : {
        "start" : 1521420579222,
        "stop" : 1521420592636,
        "duration" : 13414
      },
      "status" : "passed",
      "flaky" : false,
      "type" : "TestCaseNode"
    }, {
      "uid" : "3dfa7b2a23cd11e4",
      "name" : "sortingTest [sort by: Pageviews, order: Best]",
      "time" : {
        "start" : 1521420502438,
        "stop" : 1521420520071,
        "duration" : 17633
      },
      "status" : "passed",
      "flaky" : false,
      "type" : "TestCaseNode"
    }, {
      "uid" : "1f95dfe64532d3f4",
      "name" : "datesFilterOnHomePageTest [filter: realtime]",
      "time" : {
        "start" : 1521420568713,
        "stop" : 1521420579219,
        "duration" : 10506
      },
      "status" : "passed",
      "flaky" : false,
      "type" : "TestCaseNode"
    }, {
      "uid" : "e65be2c88f4961e8",
      "name" : "menuTabsTest [articles]",
      "time" : {
        "start" : 1521420502176,
        "stop" : 1521420516365,
        "duration" : 14189
      },
      "status" : "passed",
      "flaky" : false,
      "type" : "TestCaseNode"
    }, {
      "uid" : "3b3f9f6c7893ed7a",
      "name" : "datesFilterOnHomePageTest [filter: month]",
      "time" : {
        "start" : 1521420642843,
        "stop" : 1521420653107,
        "duration" : 10264
      },
      "status" : "passed",
      "flaky" : false,
      "type" : "TestCaseNode"
    }, {
      "uid" : "62d0825947965a39",
      "name" : "sortingTest [sort by: Average time, order: Worst]",
      "time" : {
        "start" : 1521420581178,
        "stop" : 1521420603261,
        "duration" : 22083
      },
      "status" : "passed",
      "flaky" : false,
      "type" : "TestCaseNode"
    }, {
      "uid" : "1b67e7b974ce40d0",
      "name" : "sortingTest [sort by: Finished reading, order: Best]",
      "time" : {
        "start" : 1521420536557,
        "stop" : 1521420553185,
        "duration" : 16628
      },
      "status" : "failed",
      "flaky" : false,
      "type" : "TestCaseNode"
    }, {
      "uid" : "b96ccb7e276e282f",
      "name" : "secondTest [Post: 3]",
      "time" : {
        "start" : 1521420506261,
        "stop" : 1521420519055,
        "duration" : 12794
      },
      "status" : "passed",
      "flaky" : false,
      "type" : "TestCaseNode"
    }, {
      "uid" : "c358b40f74782e5c",
      "name" : "sortingTest [sort by: Recirculation, order: Worst]",
      "time" : {
        "start" : 1521420623514,
        "stop" : 1521420642288,
        "duration" : 18774
      },
      "status" : "passed",
      "flaky" : false,
      "type" : "TestCaseNode"
    }, {
      "uid" : "afa98249c18b9ec",
      "name" : "datesFilterOnHomePageTest [filter: week]",
      "time" : {
        "start" : 1521420632200,
        "stop" : 1521420642840,
        "duration" : 10640
      },
      "status" : "passed",
      "flaky" : false,
      "type" : "TestCaseNode"
    }, {
      "uid" : "2ef1081434b8959a",
      "name" : "secondTest [Post: 2]",
      "time" : {
        "start" : 1521420492043,
        "stop" : 1521420506258,
        "duration" : 14215
      },
      "status" : "passed",
      "flaky" : false,
      "type" : "TestCaseNode"
    }, {
      "uid" : "203dc9b04cfaf711",
      "name" : "sortingTest [sort by: Recirculation, order: Best]",
      "time" : {
        "start" : 1521420553190,
        "stop" : 1521420566017,
        "duration" : 12827
      },
      "status" : "passed",
      "flaky" : false,
      "type" : "TestCaseNode"
    } ]
  } ]
}