{
  "summary" : {
    "reportName" : "Allure Report",
    "statistic" : {
      "failed" : 1,
      "broken" : 0,
      "skipped" : 0,
      "passed" : 22,
      "unknown" : 0,
      "total" : 23
    },
    "time" : {
      "minDuration" : 10162,
      "maxDuration" : 27900,
      "sumDuration" : 346137,
      "start" : 1521420474597,
      "stop" : 1521420664316,
      "duration" : 189719
    }
  },
  "environment" : [ ],
  "history-trend" : [ {
    "failed" : 1,
    "broken" : 0,
    "skipped" : 0,
    "passed" : 22,
    "unknown" : 0,
    "total" : 23
  } ],
  "behaviors" : {
    "total" : 0,
    "items" : [ ]
  },
  "executors" : [ ],
  "launches" : [ ]
}